"appname","tag","apache.clientip","apache.geo.country","apache.request_path","apache.status","apache.resp_len","apache.method","apache.x_forward"
"apache","sample04061424
","71.221.121.107","美国","/index/login/","200","1954","GET","9"
"apache","sample04061424
","71.221.121.107","美国","/index/login/","200","1953","GET","8"
"apache","sample04061424
","16.7.65.30","美国","/index/login/","200",,"GET","72"
"apache","sample04061424
","19.137.219.115","美国","/index/login/","200",,"GET","71"
"apache","sample04061424
","80.106.251.94","希腊","/index/login/","200","2380","GET","70"
"apache","sample04061424
","71.221.121.107","美国","/index/login/","200","1953","GET","7"
"apache","sample04061424
","80.106.251.94","希腊","/index/login/","200","2017","GET","69"
"apache","sample04061424
","80.106.251.94","希腊","/index/login/","200","2017","GET","68"
"apache","sample04061424
","80.106.251.94","希腊","/index/login/","200","2017","GET","67"
"apache","sample04061424
","80.106.251.94","希腊","/index/login/","200","2020","GET","66"
"apache","sample04061424
","80.106.251.94","希腊","/index/login/","200","2017","GET","65"
"apache","sample04061424
","12.234.8.15","美国","/index/login/","200","4653","GET","64"
"apache","sample04061424
","21.178.200.101","美国","/index/login/","200","4648","GET","63"
"apache","sample04061424
","22.132.197.8","美国","/index/login/","200","4649","GET","62"
"apache","sample04061424
","71.216.226.200","美国","/index/login/","200","2379","GET","61"
"apache","sample04061424
","22.132.197.8","美国","/index/login/","499","0","GET","60"
"apache","sample04061424
","71.221.121.107","美国","/index/login/","200","1955","GET","6"
"apache","sample04061424
","12.234.8.15","美国","/index/login/","200","4653","GET","59"
"apache","sample04061424
","22.132.197.8","美国","/index/login/","200","4649","GET","58"
"apache","sample04061424
","83.131.11.65","克罗地亚","/index/login/","200","5049","GET","57"
"apache","sample04061424
","14.54.31.84","韩国","/index/login/","200","2426","GET","56"
"apache","sample04061424
","12.234.8.15","美国","/index/login/","200","4653","GET","55"
"apache","sample04061424
","21.178.200.117","美国","/index/login/","200","4648","GET","54"
"apache","sample04061424
","22.132.197.8","美国","/index/login/","200","4649","GET","53"
"apache","sample04061424
","83.131.11.65","克罗地亚","/index/login/","200","5049","GET","52"
"apache","sample04061424
","83.131.11.65","克罗地亚","/index/login/","200","5049","GET","51"
"apache","sample04061424
","83.131.11.65","克罗地亚","/index/login/","200","5049","GET","50"
"apache","sample04061424
","71.221.121.107","美国","/index/login/","200","1953","GET","5"
"apache","sample04061424
","12.234.8.15","美国","/index/login/","200","4653","GET","49"
"apache","sample04061424
","83.131.11.65","克罗地亚","/index/login/","200","5049","GET","48"
"apache","sample04061424
","83.131.11.65","克罗地亚","/index/login/","200","5049","GET","47"
"apache","sample04061424
","01.29.207.38","中国","/index/login/","200","2482","GET","46"
"apache","sample04061424
","23.166.125.53","北美地区","/index/login/","200","1997","GET","45"
"apache","sample04061424
","23.166.125.53","北美地区","/index/login/","200","1945","GET","44"
"apache","sample04061424
","23.166.125.53","北美地区","/index/login/","200","1944","GET","43"
"apache","sample04061424
","23.166.125.53","北美地区","/index/login/","200","2205","GET","42"
"apache","sample04061424
","23.166.125.53","北美地区","/index/login/","200","1944","GET","41"
"apache","sample04061424
","23.166.125.53","北美地区","/index/login/","200","1944","GET","40"
"apache","sample04061424
","71.221.121.107","美国","/index/login/","200","1952","GET","4"
"apache","sample04061424
","23.166.125.53","北美地区","/index/login/","200","1943","GET","39"
"apache","sample04061424
","23.166.125.53","北美地区","/index/login/","200","1945","GET","38"
"apache","sample04061424
","23.166.125.53","北美地区","/index/login/","200","2029","GET","37"
"apache","sample04061424
","71.221.152.243","美国","/apple-touch-icon-precomposed.png","404","69","GET","36"
"apache","sample04061424
","1.164.215.26","中国","/index/ping/","502","166","GET","35"
"apache","sample04061424
","01.226.66.187","韩国","/index/portal/","500","93","GET","34"
"apache","sample04061424
","23.166.125.53","北美地区","/apple-touch-icon.png","404","69","GET","33"
"apache","sample04061424
","23.166.125.53","北美地区","/apple-touch-icon-precomposed.png","404","69","GET","32"
"apache","sample04061424
","83.14.126.214","波兰","/index/login/undefined","404","69","GET","31"
"apache","sample04061424
","71.221.152.243","美国","/apple-touch-icon-precomposed.png","404","69","GET","30"
"apache","sample04061424
","71.221.121.107","美国","/index/login/","200","1948","GET","3"
"apache","sample04061424
","01.226.33.206","韩国","/index/portal/","500","93","GET","29"
"apache","sample04061424
","23.166.125.53","北美地区","/apple-touch-icon.png","404","69","GET","28"
"apache","sample04061424
","23.166.125.53","北美地区","/apple-touch-icon-precomposed.png","404","69","GET","27"
"apache","sample04061424
","1.157.46.56","澳大利亚","/apple-touch-icon.png","404","69","GET","26"
"apache","sample04061424
","1.157.46.56","澳大利亚","/apple-touch-icon-precomposed.png","404","69","GET","25"
"apache","sample04061424
","22.243.118.140","美国","/apple-touch-icon.png","404","69","GET","24"
"apache","sample04061424
","71.221.121.107","美国","/index/login/","200","1952","GET","2"
"apache","sample04061424
","0.10.159.169","保留地址","/index/login/","200","2041","GET","14"
"apache","sample04061424
","7.207.19.229","美国","/index/login/","200","2199","GET","13"
"apache","sample04061424
","7.207.19.229","美国","/index/login/","200","2191","GET","12"
"apache","sample04061424
","71.221.121.107","美国","/index/login/","200","1952","GET","11"
"apache","sample04061424
","71.221.121.107","美国","/index/login/","200","1954","GET","10"
"apache","sample04061424
","71.221.121.107","美国","/index/login/","200","1955","GET","1"
"apache","sample04061424
","63.177.82.13","美国","/index/portal/","500","93","GET",
"apache","sample04061424
","13.78.39.216","日本","/index/login/","502","166","GET",
"apache","sample04061424
","8.216.26.177","新加坡","/index/portal/","500","93","GET",
"apache","sample04061424
","12.102.152.92","美国","/static/img/logo.png","206","1","GET",
"apache","sample04061424
","12.65.193.15","美国","/index/portal/","500","93","GET",
"apache","sample04061424
","13.78.39.216","日本","/index/login/","502","166","GET",
"apache","sample04061424
","13.78.39.216","日本","/index/login/","502","166","GET",
"apache","sample04061424
","13.78.39.216","日本","/index/login/","502","166","GET",
"apache","sample04061424
","22.243.118.140","美国","/apple-touch-icon-precomposed.png","404","69","GET",

